dataset,task,repeat,fold,seed,model,metric_name,metric,fit_seconds,predict_seconds,pickle_kib,n_train,n_test,n_features
breast_cancer,classification,1,1,20261009,codadapt,roc_auc,0.9957418932197839,0.013125299999956042,0.000777399999606132,32.0166015625,455,114,30
breast_cancer,classification,1,1,20261009,lightgbm,roc_auc,0.998689813298395,0.05787159999999858,0.0008159999997587875,269.6103515625,455,114,30
breast_cancer,classification,1,1,20261009,random_forest,roc_auc,0.9967245332459875,0.09763500000008207,0.0031417999998666346,303.80078125,455,114,30
breast_cancer,classification,1,1,20261009,hist_gb,roc_auc,0.9983622666229938,0.10096169999997073,0.0008695000005900511,272.8828125,455,114,30
breast_cancer,classification,1,2,20261010,codadapt,roc_auc,0.9947592531935802,0.014018799999576004,0.0009351999997306848,49.986328125,455,114,30
breast_cancer,classification,1,2,20261010,lightgbm,roc_auc,0.9980347199475925,0.05555289999938395,0.0007967000001372071,278.5107421875,455,114,30
breast_cancer,classification,1,2,20261010,random_forest,roc_auc,0.997870946609892,0.09334199999921111,0.0029875000000174623,312.08203125,455,114,30
breast_cancer,classification,1,2,20261010,hist_gb,roc_auc,0.998689813298395,0.10003489999962767,0.0009072000002561253,271.8896484375,455,114,30
breast_cancer,classification,1,3,20261011,codadapt,roc_auc,0.9728835978835979,0.014296399999693676,0.0008915000007618801,49.986328125,455,114,30
breast_cancer,classification,1,3,20261011,lightgbm,roc_auc,0.9910714285714285,0.05891429999974207,0.0007832999999664025,282.431640625,455,114,30
breast_cancer,classification,1,3,20261011,random_forest,roc_auc,0.9882605820105821,0.09158120000029157,0.0030774999995628605,295.05078125,455,114,30
breast_cancer,classification,1,3,20261011,hist_gb,roc_auc,0.9933862433862434,0.10202920000028826,0.0009188999993057223,276.1083984375,455,114,30
breast_cancer,classification,1,4,20261012,codadapt,roc_auc,0.9781746031746033,0.014179899999362533,0.0008741000001464272,49.986328125,455,114,30
breast_cancer,classification,1,4,20261012,lightgbm,roc_auc,0.9841269841269841,0.05552869999974064,0.0008056999995460501,271.6484375,455,114,30
breast_cancer,classification,1,4,20261012,random_forest,roc_auc,0.9761904761904762,0.09139450000020588,0.002951299999949697,278.80078125,455,114,30
breast_cancer,classification,1,4,20261012,hist_gb,roc_auc,0.9847883597883598,0.10379439999996976,0.000911199999791279,273.052734375,455,114,30
breast_cancer,classification,1,5,20261013,codadapt,roc_auc,0.988262910798122,0.013199600000007194,0.0009024999999382999,49.986328125,456,113,30
breast_cancer,classification,1,5,20261013,lightgbm,roc_auc,0.9969818913480886,0.05184800000006362,0.0007396000000881031,264.6494140625,456,113,30
breast_cancer,classification,1,5,20261013,random_forest,roc_auc,0.9949698189134808,0.08922789999996894,0.002826400000230933,315.51953125,456,113,30
breast_cancer,classification,1,5,20261013,hist_gb,roc_auc,0.9973172367538565,0.09871920000023238,0.0008175000002665911,273.232421875,456,113,30
breast_cancer,classification,2,1,20261014,codadapt,roc_auc,0.9980347199475925,0.013439199999993434,0.0008925000001909211,49.986328125,455,114,30
breast_cancer,classification,2,1,20261014,lightgbm,roc_auc,0.9983622666229938,0.055504300000393414,0.0007847000006222515,273.3310546875,455,114,30
breast_cancer,classification,2,1,20261014,random_forest,roc_auc,0.9990173599737964,0.0912281000000803,0.0028861000000688364,326.4658203125,455,114,30
breast_cancer,classification,2,1,20261014,hist_gb,roc_auc,0.9983622666229938,0.09913169999981619,0.0008298000002469053,273.8798828125,455,114,30
breast_cancer,classification,2,2,20261015,codadapt,roc_auc,0.9859154929577465,0.013847100000020873,0.0007720000003246241,32.0166015625,455,114,30
breast_cancer,classification,2,2,20261015,lightgbm,roc_auc,0.9967245332459875,0.05311919999985548,0.00074640000002546,273.966796875,455,114,30
breast_cancer,classification,2,2,20261015,random_forest,roc_auc,0.9916475597772683,0.11029829999915819,0.0063696000006530085,315.05078125,455,114,30
breast_cancer,classification,2,2,20261015,hist_gb,roc_auc,0.9957418932197839,0.19147849999990285,0.0014363999998749932,274.4990234375,455,114,30
breast_cancer,classification,2,3,20261016,codadapt,roc_auc,0.9844576719576719,0.019981700000244018,0.001319300000432122,32.0166015625,455,114,30
breast_cancer,classification,2,3,20261016,lightgbm,roc_auc,0.9973544973544973,0.08690819999992527,0.0013055999997959589,279.15234375,455,114,30
breast_cancer,classification,2,3,20261016,random_forest,roc_auc,0.9938822751322751,0.1624007000000347,0.010937999999441672,306.45703125,455,114,30
breast_cancer,classification,2,3,20261016,hist_gb,roc_auc,0.9957010582010583,0.2876555000002554,0.00229360000048473,274.521484375,455,114,30
breast_cancer,classification,2,4,20261017,codadapt,roc_auc,0.9712301587301587,0.020501400000284775,0.0013915999998062034,49.986328125,455,114,30
breast_cancer,classification,2,4,20261017,lightgbm,roc_auc,0.9794973544973544,0.08709810000073048,0.0013092999997752486,272.9599609375,455,114,30
breast_cancer,classification,2,4,20261017,random_forest,roc_auc,0.9710648148148148,0.1758138000004692,0.01040850000026694,279.26953125,455,114,30
breast_cancer,classification,2,4,20261017,hist_gb,roc_auc,0.9834656084656085,0.20397530000082043,0.0021372000001065317,273.046875,455,114,30
breast_cancer,classification,2,5,20261018,codadapt,roc_auc,0.9862508383635145,0.021745000000009895,0.0015093000001797918,49.986328125,456,113,30
breast_cancer,classification,2,5,20261018,lightgbm,roc_auc,0.9936284372904092,0.08361749999949097,0.0018824000007953146,270.662109375,456,113,30
breast_cancer,classification,2,5,20261018,random_forest,roc_auc,0.9971495640509725,0.20417790000010427,0.010593999999400694,300.51953125,456,113,30
breast_cancer,classification,2,5,20261018,hist_gb,roc_auc,0.9986586183769282,0.1625640000002022,0.001391900000271562,269.2412109375,456,113,30
breast_cancer,classification,3,1,20261019,codadapt,roc_auc,0.9888634130363576,0.019334400000843743,0.0016230999999606865,49.986328125,455,114,30
breast_cancer,classification,3,1,20261019,lightgbm,roc_auc,0.9983622666229938,0.08504090000042197,0.001333399999566609,272.1767578125,455,114,30
breast_cancer,classification,3,1,20261019,random_forest,roc_auc,0.9991811333114968,0.19267370000034134,0.010649499999999534,313.80078125,455,114,30
breast_cancer,classification,3,1,20261019,hist_gb,roc_auc,0.9983622666229938,0.21428829999968002,0.0014174999996612314,272.9990234375,455,114,30
breast_cancer,classification,3,2,20261020,codadapt,roc_auc,0.9898460530625615,0.02566500000011729,0.0014643999993495527,49.986328125,455,114,30
breast_cancer,classification,3,2,20261020,lightgbm,roc_auc,0.9836226662299378,0.10339769999973214,0.0011659000001600361,269.119140625,455,114,30
breast_cancer,classification,3,2,20261020,random_forest,roc_auc,0.9878807730101539,0.17428319999999076,0.005245699999250064,289.89453125,455,114,30
breast_cancer,classification,3,2,20261020,hist_gb,roc_auc,0.9868981329839501,0.20954230000006646,0.0018381999998382526,274.240234375,455,114,30
breast_cancer,classification,3,3,20261021,codadapt,roc_auc,0.9990079365079365,0.028198400000292168,0.0028372999995553982,49.986328125,455,114,30
breast_cancer,classification,3,3,20261021,lightgbm,roc_auc,1.0,0.10134179999931803,0.0012661999999181717,275.482421875,455,114,30
breast_cancer,classification,3,3,20261021,random_forest,roc_auc,1.0,0.18952429999990272,0.006504599999971106,322.23828125,455,114,30
breast_cancer,classification,3,3,20261021,hist_gb,roc_auc,1.0,0.23442179999983637,0.002314999999725842,271.5068359375,455,114,30
breast_cancer,classification,3,4,20261022,codadapt,roc_auc,0.9788359788359788,0.027199099999961618,0.0025246000004699454,49.986328125,455,114,30
breast_cancer,classification,3,4,20261022,lightgbm,roc_auc,0.9943783068783069,0.09007449999990058,0.0012006000006294926,277.3564453125,455,114,30
breast_cancer,classification,3,4,20261022,random_forest,roc_auc,0.9887566137566138,0.21527269999933196,0.010417999999845051,297.70703125,455,114,30
breast_cancer,classification,3,4,20261022,hist_gb,roc_auc,0.9950396825396826,0.23468789999969886,0.0017877999998745508,275.1396484375,455,114,30
breast_cancer,classification,3,5,20261023,codadapt,roc_auc,0.9607645875251509,0.029802699999891047,0.001895200000035402,49.986328125,456,113,30
breast_cancer,classification,3,5,20261023,lightgbm,roc_auc,0.9862508383635143,0.15094690000023547,0.0013466000000335043,276.9560546875,456,113,30
breast_cancer,classification,3,5,20261023,random_forest,roc_auc,0.9793762575452717,0.21067429999948217,0.004154299999754585,283.80078125,456,113,30
breast_cancer,classification,3,5,20261023,hist_gb,roc_auc,0.9872568745808182,0.1119698000002245,0.0009241000007023104,272.888671875,456,113,30
diabetes,regression,1,1,20261009,codadapt,rmse,62.29945583128348,0.008312199999636505,0.0003264999995735707,21.646484375,353,89,10
diabetes,regression,1,1,20261009,lightgbm,rmse,63.214149161460526,0.0139472000000751,0.0006321000000752974,130.919921875,353,89,10
diabetes,regression,1,1,20261009,random_forest,rmse,61.35988221096761,0.11093889999938256,0.00438040000062756,3084.42578125,353,89,10
diabetes,regression,1,1,20261009,hist_gb,rmse,64.01823279304048,0.03944190000038361,0.0007480000003852183,166.578125,353,89,10
diabetes,regression,1,2,20261010,codadapt,rmse,57.08247200949739,0.008367499999621941,0.0003234999994674581,21.630859375,353,89,10
diabetes,regression,1,2,20261010,lightgbm,rmse,56.751752675933446,0.014589400000659225,0.0006401000000550994,129.107421875,353,89,10
diabetes,regression,1,2,20261010,random_forest,rmse,55.294991625611125,0.1121551999995063,0.00362440000026254,3072.1826171875,353,89,10
diabetes,regression,1,2,20261010,hist_gb,rmse,58.21443176788925,0.038822000000436674,0.0008655999999973574,163.9833984375,353,89,10
diabetes,regression,1,3,20261011,codadapt,rmse,58.32755330946872,0.008668800000123156,0.00032530000044062035,21.630859375,354,88,10
diabetes,regression,1,3,20261011,lightgbm,rmse,55.91938122838398,0.014187099999617203,0.0007279000001290115,129.556640625,354,88,10
diabetes,regression,1,3,20261011,random_forest,rmse,57.074142728400375,0.112062799999876,0.004541799999969953,3098.34765625,354,88,10
diabetes,regression,1,3,20261011,hist_gb,rmse,57.69888799277086,0.03792150000026595,0.0007407000002785935,163.9365234375,354,88,10
diabetes,regression,1,4,20261012,codadapt,rmse,63.19182580796906,0.007866500000091037,0.00032279999959428096,21.701171875,354,88,10
diabetes,regression,1,4,20261012,lightgbm,rmse,62.087491135213796,0.01365929999974469,0.0005987000004097354,128.9443359375,354,88,10
diabetes,regression,1,4,20261012,random_forest,rmse,59.5494831097329,0.11256830000002083,0.003951999999117106,3100.03515625,354,88,10
diabetes,regression,1,4,20261012,hist_gb,rmse,62.0502602412539,0.04034609999962413,0.0008037999996304279,164.763671875,354,88,10
diabetes,regression,1,5,20261013,codadapt,rmse,53.311673732238994,0.005089700000098674,0.0002813000000969623,14.1474609375,354,88,10
diabetes,regression,1,5,20261013,lightgbm,rmse,59.47590835042882,0.014550500000041211,0.00065080000058515,129.7646484375,354,88,10
diabetes,regression,1,5,20261013,random_forest,rmse,59.885341999220785,0.11712979999992967,0.0038038000002416084,3082.87890625,354,88,10
diabetes,regression,1,5,20261013,hist_gb,rmse,59.445760531922225,0.03776319999997213,0.0007372999998551677,165.412109375,354,88,10
diabetes,regression,2,1,20261014,codadapt,rmse,68.26012454507146,0.008018499999707274,0.00033289999919361435,21.64453125,353,89,10
diabetes,regression,2,1,20261014,lightgbm,rmse,61.37646296319219,0.013642500000059954,0.0006020000000717118,128.998046875,353,89,10
diabetes,regression,2,1,20261014,random_forest,rmse,59.81175415277051,0.10907169999973121,0.0035678999993251637,3082.31640625,353,89,10
diabetes,regression,2,1,20261014,hist_gb,rmse,62.46077151340398,0.0351688999999169,0.0007064000001264503,162.8330078125,353,89,10
diabetes,regression,2,2,20261015,codadapt,rmse,54.834944664442595,0.005141599999660684,0.0002640000002429588,14.130859375,353,89,10
diabetes,regression,2,2,20261015,lightgbm,rmse,56.16221644939061,0.013080200000331388,0.0006357000002026325,128.96875,353,89,10
diabetes,regression,2,2,20261015,random_forest,rmse,51.754775928996864,0.11889739999969606,0.004046599999128375,3075.5576171875,353,89,10
diabetes,regression,2,2,20261015,hist_gb,rmse,57.28851705022748,0.037305799999558076,0.0007727000001978013,163.6787109375,353,89,10
diabetes,regression,2,3,20261016,codadapt,rmse,58.5362994406244,0.005361300000004121,0.0002769999991869554,14.1630859375,354,88,10
diabetes,regression,2,3,20261016,lightgbm,rmse,61.6821021278176,0.012902499999654538,0.0005997000007482711,129.609375,354,88,10
diabetes,regression,2,3,20261016,random_forest,rmse,59.54550592728526,0.11476859999947919,0.0038984999991953373,3097.36328125,354,88,10
diabetes,regression,2,3,20261016,hist_gb,rmse,60.99799355597463,0.040432800000417046,0.000764800000069954,165.138671875,354,88,10
diabetes,regression,2,4,20261017,codadapt,rmse,60.748740374794416,0.005102000000078988,0.0003121999998256797,14.1474609375,354,88,10
diabetes,regression,2,4,20261017,lightgbm,rmse,63.08793646868779,0.013709500000004482,0.0007003000000622706,130.6943359375,354,88,10
diabetes,regression,2,4,20261017,random_forest,rmse,60.64786210913861,0.13173149999965972,0.004340300000876596,3092.2919921875,354,88,10
diabetes,regression,2,4,20261017,hist_gb,rmse,62.40760480284466,0.041498800000226765,0.0007471999997505918,165.5390625,354,88,10
diabetes,regression,2,5,20261018,codadapt,rmse,61.50087208122568,0.008107100000415812,0.0003287999998065061,21.7021484375,354,88,10
diabetes,regression,2,5,20261018,lightgbm,rmse,63.821538770487614,0.01427849999981845,0.0005965999998807092,129.611328125,354,88,10
diabetes,regression,2,5,20261018,random_forest,rmse,61.05152934388518,0.11809450000055222,0.0036636999993788777,3085.9638671875,354,88,10
diabetes,regression,2,5,20261018,hist_gb,rmse,60.50156537208715,0.03831050000007963,0.0007360999998127227,163.5146484375,354,88,10
diabetes,regression,3,1,20261019,codadapt,rmse,60.892486045365494,0.00516929999957938,0.0002806000002237852,14.1630859375,353,89,10
diabetes,regression,3,1,20261019,lightgbm,rmse,64.79417253827731,0.013987799999995332,0.0006069000000934466,129.654296875,353,89,10
diabetes,regression,3,1,20261019,random_forest,rmse,64.88987199587044,0.10833439999987604,0.003727899999830697,3095.95703125,353,89,10
diabetes,regression,3,1,20261019,hist_gb,rmse,66.62452267385062,0.038312800000312563,0.0007617999999638414,164.3115234375,353,89,10
diabetes,regression,3,2,20261020,codadapt,rmse,74.94560913815191,0.004904999999780557,0.00022079999962443253,6.662109375,353,89,10
diabetes,regression,3,2,20261020,lightgbm,rmse,58.967880079333916,0.01391920000060054,0.0006391999995685183,131.5517578125,353,89,10
diabetes,regression,3,2,20261020,random_forest,rmse,55.98219564480732,0.11806280000018887,0.0037197999999989406,3096.09765625,353,89,10
diabetes,regression,3,2,20261020,hist_gb,rmse,56.94863466893775,0.03822149999996327,0.0007334000001719687,165.341796875,353,89,10
diabetes,regression,3,3,20261021,codadapt,rmse,60.107856123650684,0.008264500000223052,0.00031540000054519624,21.685546875,354,88,10
diabetes,regression,3,3,20261021,lightgbm,rmse,61.847672638464644,0.013679499999852851,0.0006256999995457591,130.802734375,354,88,10
diabetes,regression,3,3,20261021,random_forest,rmse,57.08539760147232,0.10923090000051161,0.0038193000000319444,3098.76953125,354,88,10
diabetes,regression,3,3,20261021,hist_gb,rmse,60.06703774458304,0.03824639999947976,0.0007562000000689295,164.3818359375,354,88,10
diabetes,regression,3,4,20261022,codadapt,rmse,70.05240956019162,0.005694099999345781,0.0002736999995249789,14.130859375,354,88,10
diabetes,regression,3,4,20261022,lightgbm,rmse,69.73182643280308,0.013305700000273646,0.0006155999999464257,129.78515625,354,88,10
diabetes,regression,3,4,20261022,random_forest,rmse,63.73522645216765,0.10978100000011182,0.0037911999997959356,3097.4951171875,354,88,10
diabetes,regression,3,4,20261022,hist_gb,rmse,67.51166398889254,0.03874399999949674,0.0007498000004488858,164.2568359375,354,88,10
diabetes,regression,3,5,20261023,codadapt,rmse,57.742143624141775,0.005355299999791896,0.0002823000004354981,14.1142578125,354,88,10
diabetes,regression,3,5,20261023,lightgbm,rmse,54.05300254750781,0.014095800000177405,0.0006540999993376317,128.93359375,354,88,10
diabetes,regression,3,5,20261023,random_forest,rmse,55.45071420353229,0.11091420000047947,0.0036497999999483,3093.42578125,354,88,10
diabetes,regression,3,5,20261023,hist_gb,rmse,54.750892569939964,0.03841579999971145,0.0007583999995404156,164.083984375,354,88,10
wine,classification,1,1,20261009,codadapt,roc_auc_ovr_macro,1.0,0.021854500000699772,0.0009258999998564832,93.099609375,142,36,13
wine,classification,1,1,20261009,lightgbm,roc_auc_ovr_macro,1.0,0.017418399999769463,0.0005072999992989935,254.5634765625,142,36,13
wine,classification,1,1,20261009,random_forest,roc_auc_ovr_macro,1.0,0.06687349999992875,0.0027893999995285412,197.1884765625,142,36,13
wine,classification,1,1,20261009,hist_gb,roc_auc_ovr_macro,1.0,0.04890239999986079,0.0012369000005492126,176.357421875,142,36,13
wine,classification,1,2,20261010,codadapt,roc_auc_ovr_macro,0.9945135882635882,0.022737299999789684,0.0009168999995381455,93.025390625,142,36,13
wine,classification,1,2,20261010,lightgbm,roc_auc_ovr_macro,0.9855054667554667,0.01718299999993178,0.0005087999998067971,257.2216796875,142,36,13
wine,classification,1,2,20261010,random_forest,roc_auc_ovr_macro,1.0,0.0672389999999723,0.002842400000190537,195.8134765625,142,36,13
wine,classification,1,2,20261010,hist_gb,roc_auc_ovr_macro,1.0,0.05010149999998248,0.0013635999994221493,174.3955078125,142,36,13
wine,classification,1,3,20261011,codadapt,roc_auc_ovr_macro,0.9965534465534466,0.022903200000655488,0.0009002999995573191,92.8955078125,142,36,13
wine,classification,1,3,20261011,lightgbm,roc_auc_ovr_macro,0.9976356976356976,0.017431600000236358,0.0005433000005723443,262.978515625,142,36,13
wine,classification,1,3,20261011,random_forest,roc_auc_ovr_macro,1.0,0.0663313000004564,0.00287919999937003,189.6171875,142,36,13
wine,classification,1,3,20261011,hist_gb,roc_auc_ovr_macro,1.0,0.04820449999988341,0.001292999999350286,174.3564453125,142,36,13
wine,classification,1,4,20261012,codadapt,roc_auc_ovr_macro,0.9855224140938427,0.022215699999833305,0.0009283999997933279,92.9462890625,143,35,13
wine,classification,1,4,20261012,lightgbm,roc_auc_ovr_macro,0.9988662131519274,0.0182650000006106,0.0005116000002090004,268.09375,143,35,13
wine,classification,1,4,20261012,random_forest,roc_auc_ovr_macro,0.9940403511832083,0.06621810000069672,0.002838500000507338,186.0078125,143,35,13
wine,classification,1,4,20261012,hist_gb,roc_auc_ovr_macro,1.0,0.049676999999974214,0.0012822999997297302,184.23046875,143,35,13
wine,classification,1,5,20261013,codadapt,roc_auc_ovr_macro,1.0,0.02237749999949301,0.0009079999999812571,92.99609375,143,35,13
wine,classification,1,5,20261013,lightgbm,roc_auc_ovr_macro,1.0,0.01861929999995482,0.0005333999997674255,272.4404296875,143,35,13
wine,classification,1,5,20261013,random_forest,roc_auc_ovr_macro,1.0,0.06618770000022778,0.002757500000370783,197.3603515625,143,35,13
wine,classification,1,5,20261013,hist_gb,roc_auc_ovr_macro,1.0,0.05134009999983391,0.001351500000055239,187.07421875,143,35,13
wine,classification,2,1,20261014,codadapt,roc_auc_ovr_macro,1.0,0.020424000000275555,0.0009152000002359273,93.1015625,142,36,13
wine,classification,2,1,20261014,lightgbm,roc_auc_ovr_macro,1.0,0.017551500000081433,0.0004937000003337744,257.96484375,142,36,13
wine,classification,2,1,20261014,random_forest,roc_auc_ovr_macro,1.0,0.07219759999952657,0.0029175999998187763,205.4384765625,142,36,13
wine,classification,2,1,20261014,hist_gb,roc_auc_ovr_macro,1.0,0.053880299999946146,0.0013685000003533787,180.6748046875,142,36,13
wine,classification,2,2,20261015,codadapt,roc_auc_ovr_macro,1.0,0.022930799999812734,0.0009337000001323759,93.0126953125,142,36,13
wine,classification,2,2,20261015,lightgbm,roc_auc_ovr_macro,1.0,0.018057600000247476,0.0004975000001650187,257.0263671875,142,36,13
wine,classification,2,2,20261015,random_forest,roc_auc_ovr_macro,1.0,0.06713610000042536,0.002997999999934109,194.0947265625,142,36,13
wine,classification,2,2,20261015,hist_gb,roc_auc_ovr_macro,1.0,0.053918399999929534,0.0013013999996474013,180.4267578125,142,36,13
wine,classification,2,3,20261016,codadapt,roc_auc_ovr_macro,1.0,0.0228770000003351,0.0008859999998094281,93.212890625,142,36,13
wine,classification,2,3,20261016,lightgbm,roc_auc_ovr_macro,0.9945135882635882,0.017933699999957753,0.000513400000272668,270.7001953125,142,36,13
wine,classification,2,3,20261016,random_forest,roc_auc_ovr_macro,0.9967532467532467,0.06834650000018883,0.002881399999751011,181.1953125,142,36,13
wine,classification,2,3,20261016,hist_gb,roc_auc_ovr_macro,0.9955958393458394,0.05035600000064733,0.0013134999999238062,185.32421875,142,36,13
wine,classification,2,4,20261017,codadapt,roc_auc_ovr_macro,0.9965246968352558,0.022763299999496667,0.000902200000382436,93.0029296875,143,35,13
wine,classification,2,4,20261017,lightgbm,roc_auc_ovr_macro,1.0,0.016999899999973422,0.0004726000006485265,256.3447265625,143,35,13
wine,classification,2,4,20261017,random_forest,roc_auc_ovr_macro,0.9988662131519274,0.06645410000055563,0.0028354999994917307,188.9296875,143,35,13
wine,classification,2,4,20261017,hist_gb,roc_auc_ovr_macro,1.0,0.049011399999471905,0.001303899999584246,174.748046875,143,35,13
wine,classification,2,5,20261018,codadapt,roc_auc_ovr_macro,1.0,0.022334799999953248,0.0008652999995319988,76.96484375,143,35,13
wine,classification,2,5,20261018,lightgbm,roc_auc_ovr_macro,0.9988888888888888,0.018445499999870663,0.000663400000121328,268.04296875,143,35,13
wine,classification,2,5,20261018,random_forest,roc_auc_ovr_macro,1.0,0.0686505000003308,0.00280899999961548,192.1953125,143,35,13
wine,classification,2,5,20261018,hist_gb,roc_auc_ovr_macro,0.9988888888888888,0.05268900000010035,0.0018566999997347011,177.9189453125,143,35,13
wine,classification,3,1,20261019,codadapt,roc_auc_ovr_macro,1.0,0.021763300000202435,0.0010010999994847225,93.1142578125,142,36,13
wine,classification,3,1,20261019,lightgbm,roc_auc_ovr_macro,1.0,0.01809880000018893,0.000527700000020559,263.08984375,142,36,13
wine,classification,3,1,20261019,random_forest,roc_auc_ovr_macro,1.0,0.07389949999924283,0.003068400000302063,206.6416015625,142,36,13
wine,classification,3,1,20261019,hist_gb,roc_auc_ovr_macro,1.0,0.05616329999975278,0.0014718000002176268,182.5361328125,142,36,13
wine,classification,3,2,20261020,codadapt,roc_auc_ovr_macro,0.9989177489177489,0.024444600000606442,0.001010599999972328,92.9287109375,142,36,13
wine,classification,3,2,20261020,lightgbm,roc_auc_ovr_macro,1.0,0.02003930000046239,0.0005932000003667781,259.9208984375,142,36,13
wine,classification,3,2,20261020,random_forest,roc_auc_ovr_macro,1.0,0.06953629999952682,0.0030012000006536255,192.5390625,142,36,13
wine,classification,3,2,20261020,hist_gb,roc_auc_ovr_macro,0.9933561808561807,0.05932769999981247,0.0012937999999849126,176.83203125,142,36,13
wine,classification,3,3,20261021,codadapt,roc_auc_ovr_macro,1.0,0.03145990000029997,0.0014200999994500307,93.0732421875,142,36,13
wine,classification,3,3,20261021,lightgbm,roc_auc_ovr_macro,1.0,0.018908699999883538,0.0005019000000174856,260.8037109375,142,36,13
wine,classification,3,3,20261021,random_forest,roc_auc_ovr_macro,1.0,0.06723109999984445,0.002872899999601941,197.0166015625,142,36,13
wine,classification,3,3,20261021,hist_gb,roc_auc_ovr_macro,1.0,0.04982930000005581,0.0013419000006251736,179.5517578125,142,36,13
wine,classification,3,4,20261022,codadapt,roc_auc_ovr_macro,1.0,0.02395929999966029,0.0008215999996536993,76.927734375,143,35,13
wine,classification,3,4,20261022,lightgbm,roc_auc_ovr_macro,1.0,0.021254100000078324,0.0004928999996991479,267.0947265625,143,35,13
wine,classification,3,4,20261022,random_forest,roc_auc_ovr_macro,0.9982253771073646,0.07733439999992697,0.003259500000240223,183.6015625,143,35,13
wine,classification,3,4,20261022,hist_gb,roc_auc_ovr_macro,1.0,0.0528401000001395,0.0014065000004848116,176.5439453125,143,35,13
wine,classification,3,5,20261023,codadapt,roc_auc_ovr_macro,1.0,0.023585800000546442,0.0010303999997631763,92.982421875,143,35,13
wine,classification,3,5,20261023,lightgbm,roc_auc_ovr_macro,0.9963532763532763,0.018512900000132504,0.0006286999996518716,265.5771484375,143,35,13
wine,classification,3,5,20261023,random_forest,roc_auc_ovr_macro,1.0,0.07318949999989854,0.0026391000001240172,189.9609375,143,35,13
wine,classification,3,5,20261023,hist_gb,roc_auc_ovr_macro,1.0,0.048106299999744806,0.0013618000002679764,173.49609375,143,35,13
digits,classification,1,1,20261009,codadapt,roc_auc_ovr_macro,0.9888598452940215,0.13694609999947716,0.004138100000091072,267.0224609375,1437,360,64
digits,classification,1,1,20261009,lightgbm,roc_auc_ovr_macro,0.9997247564291252,0.4052329000005557,0.022921900000255846,2607.556640625,1437,360,64
digits,classification,1,1,20261009,random_forest,roc_auc_ovr_macro,0.9994442579045147,0.32291480000003503,0.014468800000031479,4955.8173828125,1437,360,64
digits,classification,1,1,20261009,hist_gb,roc_auc_ovr_macro,0.9996546565123964,1.464594200000647,0.018542300000262912,2320.9208984375,1437,360,64
digits,classification,1,2,20261010,codadapt,roc_auc_ovr_macro,0.9931690918658695,0.141313999999511,0.0043631999997160165,270.724609375,1437,360,64
digits,classification,1,2,20261010,lightgbm,roc_auc_ovr_macro,0.9996473542486843,0.38472469999942405,0.020738000000164902,2612.6650390625,1437,360,64
digits,classification,1,2,20261010,random_forest,roc_auc_ovr_macro,0.9995261467001262,0.1877463999999236,0.005129099999976461,4929.669921875,1437,360,64
digits,classification,1,2,20261010,hist_gb,roc_auc_ovr_macro,0.9996113300641796,1.341722199999822,0.0172244999994291,2315.466796875,1437,360,64
digits,classification,1,3,20261011,codadapt,roc_auc_ovr_macro,0.9880073555632851,0.1413353999996616,0.004418699999405362,278.6845703125,1438,359,64
digits,classification,1,3,20261011,lightgbm,roc_auc_ovr_macro,0.9992879375746517,0.3776312999998481,0.02064150000023801,2588.14453125,1438,359,64
digits,classification,1,3,20261011,random_forest,roc_auc_ovr_macro,0.9993382800178466,0.19789459999992687,0.005732599999646482,4851.1923828125,1438,359,64
digits,classification,1,3,20261011,hist_gb,roc_auc_ovr_macro,0.9993300375455444,1.273904599999696,0.017314499999883992,2297.279296875,1438,359,64
digits,classification,1,4,20261012,codadapt,roc_auc_ovr_macro,0.9903714114155179,0.13451420000001235,0.004669300000387011,267.0244140625,1438,359,64
digits,classification,1,4,20261012,lightgbm,roc_auc_ovr_macro,0.9997674877153944,0.3694044000003487,0.020619599999918137,2618.4716796875,1438,359,64
digits,classification,1,4,20261012,random_forest,roc_auc_ovr_macro,0.9994492543617592,0.20620309999958408,0.005607000000054541,4939.794921875,1438,359,64
digits,classification,1,4,20261012,hist_gb,roc_auc_ovr_macro,0.9996046245913883,1.30116469999939,0.016934400000536698,2322.6923828125,1438,359,64
digits,classification,1,5,20261013,codadapt,roc_auc_ovr_macro,0.9886364783656927,0.1328029999995124,0.004331400000410213,260.9736328125,1438,359,64
digits,classification,1,5,20261013,lightgbm,roc_auc_ovr_macro,0.9997425017335727,0.37079569999968953,0.021163200000046345,2609.5263671875,1438,359,64
digits,classification,1,5,20261013,random_forest,roc_auc_ovr_macro,0.9998445041231194,0.17686309999953664,0.004979700000149023,4881.013671875,1438,359,64
digits,classification,1,5,20261013,hist_gb,roc_auc_ovr_macro,0.9996218124873844,1.2379717000003438,0.017141500000434462,2314.6767578125,1438,359,64
digits,classification,2,1,20261014,codadapt,roc_auc_ovr_macro,0.9889716252043508,0.1306086000004143,0.004168499999650521,266.875,1437,360,64
digits,classification,2,1,20261014,lightgbm,roc_auc_ovr_macro,0.9993022524476946,0.3702324999994744,0.02052209999965271,2620.615234375,1437,360,64
digits,classification,2,1,20261014,random_forest,roc_auc_ovr_macro,0.9993854779993668,0.1755023000005167,0.005418400000053225,4940.357421875,1437,360,64
digits,classification,2,1,20261014,hist_gb,roc_auc_ovr_macro,0.9993088893166291,1.2566358000003675,0.017202199999701406,2327.26171875,1437,360,64
digits,classification,2,2,20261015,codadapt,roc_auc_ovr_macro,0.9907918181901154,0.1372313000001668,0.004319600000599166,262.03515625,1437,360,64
digits,classification,2,2,20261015,lightgbm,roc_auc_ovr_macro,0.9996739576286588,0.36894130000018777,0.020700200000646873,2605.92578125,1437,360,64
digits,classification,2,2,20261015,random_forest,roc_auc_ovr_macro,0.9993594583634945,0.18636809999952675,0.005122100000335195,4998.294921875,1437,360,64
digits,classification,2,2,20261015,hist_gb,roc_auc_ovr_macro,0.9994943043855209,1.2761821999993117,0.01680099999975937,2311.498046875,1437,360,64
digits,classification,2,3,20261016,codadapt,roc_auc_ovr_macro,0.9862073030139615,0.1319362000003821,0.004140699999879871,276.6484375,1438,359,64
digits,classification,2,3,20261016,lightgbm,roc_auc_ovr_macro,0.9999296076247214,0.36496450000049663,0.019898499999726482,2608.484375,1438,359,64
digits,classification,2,3,20261016,random_forest,roc_auc_ovr_macro,0.999431779339416,0.18054639999991196,0.005384699999922304,4803.669921875,1438,359,64
digits,classification,2,3,20261016,hist_gb,roc_auc_ovr_macro,0.9998682280697357,1.269151100000272,0.01651990000027581,2321.6689453125,1438,359,64
digits,classification,2,4,20261017,codadapt,roc_auc_ovr_macro,0.9859313534765592,0.12815109999974084,0.0041219000004275586,274.669921875,1438,359,64
digits,classification,2,4,20261017,lightgbm,roc_auc_ovr_macro,0.9995260344089258,0.36156309999933,0.020782300000064424,2608.9775390625,1438,359,64
digits,classification,2,4,20261017,random_forest,roc_auc_ovr_macro,0.9990300195939132,0.179500399999597,0.005301700000018172,4926.576171875,1438,359,64
digits,classification,2,4,20261017,hist_gb,roc_auc_ovr_macro,0.9995677594984367,1.2310158999998748,0.01787289999992936,2324.5146484375,1438,359,64
digits,classification,2,5,20261018,codadapt,roc_auc_ovr_macro,0.986342226342002,0.13777440000012575,0.0048015000002124,282.1806640625,1438,359,64
digits,classification,2,5,20261018,lightgbm,roc_auc_ovr_macro,0.9994831304841625,0.398559700000078,0.02018320000024687,2594.173828125,1438,359,64
digits,classification,2,5,20261018,random_forest,roc_auc_ovr_macro,0.9993111079273416,0.17939100000057806,0.005041499999606458,4860.201171875,1438,359,64
digits,classification,2,5,20261018,hist_gb,roc_auc_ovr_macro,0.9992848593454328,1.2810189000001628,0.017448200000217184,2313.060546875,1438,359,64
digits,classification,3,1,20261019,codadapt,roc_auc_ovr_macro,0.9921497524330916,0.1281144000004133,0.003969600000345963,266.91796875,1437,360,64
digits,classification,3,1,20261019,lightgbm,roc_auc_ovr_macro,0.9990549311133361,0.35924400000021706,0.020731900000100723,2607.015625,1437,360,64
digits,classification,3,1,20261019,random_forest,roc_auc_ovr_macro,0.9995914963294592,0.18799209999997402,0.005211599999711325,4987.326171875,1437,360,64
digits,classification,3,1,20261019,hist_gb,roc_auc_ovr_macro,0.999123312331385,1.337220100000195,0.017433600000003935,2322.115234375,1437,360,64
digits,classification,3,2,20261020,codadapt,roc_auc_ovr_macro,0.9884919619105379,0.13382389999969746,0.004138900000725698,278.435546875,1437,360,64
digits,classification,3,2,20261020,lightgbm,roc_auc_ovr_macro,0.9997498469979952,0.3769875999996657,0.021779499999865948,2601.6162109375,1437,360,64
digits,classification,3,2,20261020,random_forest,roc_auc_ovr_macro,0.9998842592592592,0.19157150000046386,0.005371500000364904,4916.732421875,1437,360,64
digits,classification,3,2,20261020,hist_gb,roc_auc_ovr_macro,0.9997065444158035,1.2693231000002925,0.016694099999767786,2320.2548828125,1437,360,64
digits,classification,3,3,20261021,codadapt,roc_auc_ovr_macro,0.9898794566881793,0.1311455000004571,0.0043191000004298985,282.236328125,1438,359,64
digits,classification,3,3,20261021,lightgbm,roc_auc_ovr_macro,0.9998896460062161,0.37324249999983294,0.020935100000315288,2603.4072265625,1438,359,64
digits,classification,3,3,20261021,random_forest,roc_auc_ovr_macro,0.9997269795088256,0.1902713000008589,0.005646900000101596,4951.888671875,1438,359,64
digits,classification,3,3,20261021,hist_gb,roc_auc_ovr_macro,0.9998892331171237,1.3723853999999847,0.017153200000393554,2326.732421875,1438,359,64
digits,classification,3,4,20261022,codadapt,roc_auc_ovr_macro,0.9855635618824923,0.13762240000050951,0.004260099999555678,278.646484375,1438,359,64
digits,classification,3,4,20261022,lightgbm,roc_auc_ovr_macro,0.9993889082308339,0.364502899999934,0.02136530000007042,2607.53125,1438,359,64
digits,classification,3,4,20261022,random_forest,roc_auc_ovr_macro,0.9983367261941094,0.18109649999951216,0.005334499999662512,4875.107421875,1438,359,64
digits,classification,3,4,20261022,hist_gb,roc_auc_ovr_macro,0.9992527544434486,1.2561084999997547,0.017412400000466732,2327.146484375,1438,359,64
digits,classification,3,5,20261023,codadapt,roc_auc_ovr_macro,0.9850645367787647,0.13747539999985747,0.0041492999998808955,276.689453125,1438,359,64
digits,classification,3,5,20261023,lightgbm,roc_auc_ovr_macro,0.9995081553808614,0.37833319999936066,0.02187679999951797,2598.69921875,1438,359,64
digits,classification,3,5,20261023,random_forest,roc_auc_ovr_macro,0.9994422182760676,0.23222339999938413,0.008311399999911373,4884.6611328125,1438,359,64
digits,classification,3,5,20261023,hist_gb,roc_auc_ovr_macro,0.9996380399590791,1.5182475000001432,0.017767100000128266,2301.6533203125,1438,359,64
